{"id":"1","name":"Translating the Evil-Communication Phrase","description":"The evil-communication phrase occurs in 1 Corinthians 15:33 and is credibly attributed to Menander.  Translations of it into English show that through extensive public deliberation its meaning  has nearly reversed.","author":"1","last_modified":"2014-11-12 02:49:14","data":[["textual form","source","date"],["\u03c6\u03b8\u03b5\u03af\u03c1\u03bf\u03c5\u03c3\u03b9\u03bd \u03ae\u03b8\u03b7 \u03c7\u03c1\u03ae\u03c3\u03b8\u2019 \u03cc\u03bc\u03b9\u03bb\u03af\u03b1\u03b9 \u03ba\u03b1\u03ba\u03b1\u03af","Menander, as cited by Jerome in 397 CE","c. 300 BCE"],["\u03c6\u03b8\u03b5\u03af\u03c1\u03bf\u03c5\u03c3\u03b9\u03bd \u03ae\u03b8\u03b7 \u03c7\u03c1\u03ae\u03c3\u03b8\u2019 \u03cc\u03bc\u03b9\u03bb\u03af\u03b1\u03b9 \u03ba\u03b1\u03ba\u03b1\u03af","Codex Vaticanus","c. 325 CE"],["corrumpunt mores bonos colloquia mala","Jerome's Vulgate","c. 405 CE"],["evil speeches destroy good conduct","Wycliff Bible","1382"],["malicious speakings corrupt good manners","Tyndale Bible","1525"],["evil words corrupt good manners","Great Bible","1539"],["evil speakings corrupt good manners","Geneva Bible","1560"],["evil communications corrupt good manners","Rheims Bible","1582"],["evil communications corrupt good manners","King James Bible","1611"],["evil companionships corrupt good morals","English Revised Version","1881"],["bad company ruins good morals","Revised Standard Version","1946"],["bad company corrupts good character","New International Version","1973"],["bad company corrupts good habits","<a class=\"otx-link\" title=\"Orr-1976 I Corinthians : a new translation \/ introd., with\" href=\"http:\/\/localhost\/wordpress\/refs\/orr-1976-i-corinthians-a-new-translation-introd-with\/?otxkey=Orr-1976\">Orr and Walther<\/a> {Anchor Bible}","1976"],["belonging to bad gangs ruins reputable lifestyles","<a class=\"otx-link\" title=\"Thiselton-2000 The First Epistle to the Corinthians: a commentary\" href=\"http:\/\/localhost\/wordpress\/refs\/thiselton-2000-the-first-epistle-to-the-corinthians-a-commentary\/?otxkey=Thiselton-2000\">Thiselton<\/a> {book-length scholarly commentary}","2000"]],"options":{"last_editor":1,"table_head":true,"table_foot":false,"alternating_row_colors":false,"row_hover":false,"print_name":true,"print_name_position":"above","print_description":false,"print_description_position":"above","extra_css_classes":"","use_datatables":false,"datatables_sort":false,"datatables_filter":false,"datatables_paginate":false,"datatables_lengthchange":false,"datatables_paginate_entries":15,"datatables_info":false,"datatables_scrollx":false,"datatables_custom_commands":""},"visibility":{"rows":[1,1,1,1,1,1,1,1,1,1,1,1,1,1,1],"columns":[1,1,1]}}