{"id":"10","name":"Sex ratio in Punishment: War and Peace in Early 19th-Century England & Wales","description":"","author":"1","last_modified":"2014-11-12 02:49:14","data":[["military situation","year begin","year end","executed men","executed women","executed men per woman","transported men","transported women","transported men per woman"],["pre Napoleonic Wars","1788","1792","577","18","32.1","3,334","594","5.6"],["Napoleonic Wars, pt. 1","1793","1801","802","42","19.1","1490","588","2.5"],["Peace of Amiens","1802","1802","89","3","29.5","516","128","4.0"],["Napoleonic Wars, pt. 2","1803","1815","884","44","20.1","3,963","1,212","3.3"],["post Napoleonic Wars","1816","1822","703","30","23.4","12,707","663","19.2"],["Source: <a class=\"otx-link\" title=\"Punishment Prevalence Yearly by Sex in England and Wales from 1715\" href=\"http:\/\/localhost\/wordpress\/datasets\/punishment-england-wales-long-run\/?otxkey=datasets-punishment-england-wales-long-run\">punishment prevalence yearly by sex in England & Wales from 1715<\/a>. Note: good yearly data on prisoners by sex aren't available for England & Wales before 1836.","#colspan#","#colspan#","#colspan#","#colspan#","#colspan#","#colspan#","#colspan#","#colspan#"]],"options":{"last_editor":1,"table_head":true,"table_foot":true,"alternating_row_colors":true,"row_hover":false,"print_name":true,"print_name_position":"above","print_description":false,"print_description_position":"below","extra_css_classes":"","use_datatables":false,"datatables_sort":true,"datatables_filter":true,"datatables_paginate":true,"datatables_lengthchange":true,"datatables_paginate_entries":10,"datatables_info":true,"datatables_scrollx":false,"datatables_custom_commands":""},"visibility":{"rows":[1,1,1,1,1,1,1],"columns":[1,1,1,1,1,1,1,1,1]}}