{"id":"12","name":"Estimates of Imprisoned Debtors in England Before 1775","description":"","author":"1","last_modified":"2014-11-12 02:49:14","data":[["year","imprisoned debtors in England","additional description from source-text statement","source link"],["1622","~ 10000","\"in London alone (by miserable example) is found, three or four thousand prisoners, the greatest part for debt\"","<a class=\"otx-link\" title=\"Petition-1622 A petition to the King&#039;s most excellent Majesty &#8230;\" href=\"http:\/\/localhost\/wordpress\/refs\/petition-1622-a-petition-to-the-kings-most-excellent-majesty\/?otxkey=Petition-1622&otxrp=p.+35\">^<\/a>"],["1641","10000","prisoners for debt \"in the several prisons in the Kingdom of England, and the Dominion of Wales, being about ten thousand in number\"; \"against the practice of all other Countries\"; \"in London alone (by miserable example) is found three or four thousand prisoners for debt\"","<a class=\"otx-link\" title=\"Humble-1641 The humble petition of the distressed prisoners for\" href=\"http:\/\/localhost\/wordpress\/refs\/humble-1641-the-humble-petition-of-the-distressed-prisoners-for\/?otxkey=Humble-1641&otxrp=title+page%2C+pp.+20%2C+25\">^<\/a>"],["1650","20000","\"the number of prisoners yearly in England and Wales, and as have been in Ireland, as divers conceive above 20000\"","<a class=\"otx-link\" title=\"Leach-1650 Proposalls for an act for prevention of the great\" href=\"http:\/\/localhost\/wordpress\/refs\/leach-1650-proposalls-for-an-act-for-prevention-of-the-great\/?otxkey=Leach-1650&otxrp=p.+12\">^<\/a>"],["1650","12000","\"and as all, or most who have taken observation of such things, do esteem there be above 12000\"","<a class=\"otx-link\" title=\"Leach-1650 Proposalls for an act for prevention of the great\" href=\"http:\/\/localhost\/wordpress\/refs\/leach-1650-proposalls-for-an-act-for-prevention-of-the-great\/?otxkey=Leach-1650&otxrp=p.+12\">^<\/a>"],["1673","50000","\"If it be true, that we find upward of 50000 persons constantly in prison for debt and damages, besides comers and goers, and such as death delivereth from the cruelty and imprudence of their adversaries\"","<a class=\"otx-link\" title=\"English-1673 The English-mans question whether imprisonment of\" href=\"http:\/\/localhost\/wordpress\/refs\/english-1673-the-english-mans-question-whether-imprisonment-of\/?otxkey=English-1673&otxrp=p.+6\">^<\/a>"],["1691","many thousands","\"many thousands released\";  \"many thousands more\" still in prisons","<a class=\"otx-link\" title=\"Pitt-1691 The Cry of the Oppressed, Being a True and Tragical\" href=\"http:\/\/localhost\/wordpress\/refs\/pitt-1691-the-cry-of-the-oppressed-being-a-true-and-tragical\/?otxkey=Pitt-1691&otxrp=3%2C+4+%28unnumbered%29\">^<\/a>"],["1699","60000","\"the prisoners in England being computed as 60,000 souls\"","<a class=\"otx-link\" title=\"Petition-1699 A Petition of a multitude of poor prisoners for debt,\" href=\"http:\/\/localhost\/wordpress\/refs\/petition-1699-a-petition-of-a-multitude-of-poor-prisoners-for-debt\/?otxkey=Petition-1699\">^<\/a>"],["1709","5000","\"close prisoners or sundry sorts for debt, in all the several gaols of this Kingdom\"","<a class=\"otx-link\" title=\"Defoe-1709 Of the case of insolvents in England\" href=\"http:\/\/localhost\/wordpress\/refs\/defoe-1709-of-the-case-of-insolvents-in-england\/?otxkey=Defoe-1709&otxrp=pp.+579-80\">^<\/a>"],["1709","80000","\"bankrupt tradesmen and insolvent debtors, as well prisoners at large as close prisoners; shelterers in privileged places, and such as abscond from their creditors\"","<a class=\"otx-link\" title=\"Defoe-1709 Of the case of insolvents in England\" href=\"http:\/\/localhost\/wordpress\/refs\/defoe-1709-of-the-case-of-insolvents-in-england\/?otxkey=Defoe-1709&otxrp=pp.+579-80\">^<\/a>"],["1711","many thousands","imprisoned debtors number \"many thousands\": \"more men in the prisons of this city along for debt, than in all the gaols of the whole German Empire\"","<a class=\"otx-link\" title=\"Vox-1711 Shewing the Unreasonableness and Folly of Imprisoning\" href=\"http:\/\/localhost\/wordpress\/refs\/vox-1711-shewing-the-unreasonableness-and-folly-of-imprisoning\/?otxkey=Vox-1711&otxrp=pp.+3%2C+13\">^<\/a>"],["1715","60000","\"That by a modest computation there are no less than sixty thousand persons, now actually prisoners for debt, in the several prisons of England and Wales\"","<a class=\"otx-link\" title=\"Reasons-1715 Reasons Humbley offer&#039;d to the Parliament of\" href=\"http:\/\/localhost\/wordpress\/refs\/reasons-1715-reasons-humbley-offerd-to-the-parliament-of\/?otxkey=Reasons-1715\">^<\/a>"],["1716","60000","\"'Tis reckoned there is about sixty thousand miserable debtors persishing in the prisons of England and Wales\"; in the Marshalsea ..\"seldom less than five or six hundred being there pent up together at a time, besides what is in Baliffs Houses as private prisons\"","<a class=\"otx-link\" title=\"Baston-1716 Thoughts on trade, and a publick spirit\" href=\"http:\/\/localhost\/wordpress\/refs\/baston-1716-thoughts-on-trade-and-a-publick-spirit\/?otxkey=Baston-1716&otxrp=pp.+93%2C+98\">^<\/a>"],["1726","60000","\"There is, by computation, above sixty thousand persons now confined, and hundreds of them weekly perishing in the jails of England and Wales.\"","<a class=\"otx-link\" title=\"Advocate-1726 Prisoner&#039;s Advocate, or, a Caveat against under\" href=\"http:\/\/localhost\/wordpress\/refs\/advocate-1726-prisoners-advocate-or-a-caveat-against-under\/?otxkey=Advocate-1726&otxrp=p.+29\">^<\/a>"],["1729","100000","\"we lock up, perhaps, a hundred and twenty thousand men in prison, ejected out of the care of the government, like banished and outlawed people?\"; \"supposing there are a hundred thousand persons prevented from labour by debts, or being in gaol, then the loss to the Kindom from this hundred thousand people, amounts,...\"","<a class=\"otx-link\" title=\"Speech-1729 A speech without doors, in behalf of an insolvent\" href=\"http:\/\/localhost\/wordpress\/refs\/speech-1729-a-speech-without-doors-in-behalf-of-an-insolvent\/?otxkey=Speech-1729&otxrp=pp.+19%2C+20-2\">^<\/a>"],["1739","","more debtors in prison in England and Wales \"more, I believe, than are to be found on the same occasion in all the prisons in Europe\"","<a class=\"otx-link\" title=\"Fielding-1739 The Champion, Feb. 19 1739-40\" href=\"http:\/\/localhost\/wordpress\/refs\/fielding-1739-the-champion-feb-19-1739-40\/?otxkey=Fielding-1739&otxrp=p.+191\">^<\/a>"],["1757","20000","\"about 25000 of the most useful subjects in the Kingdom, are by law, at present, actually disabled from being of the least service to themselves, their families, or the public, by being locked up in jails, or forced to abscond; \"for supposing the number of prisoners and fugitives throughout England, to be no more than 20,000, and that the real debts of those prisoners prisoners, at an average, amount to 25\u00a3 a man\"","<a class=\"otx-link\" title=\"Increase-1757 Considerations upon the present Increase of Civil\" href=\"http:\/\/localhost\/wordpress\/refs\/increase-1757-considerations-upon-the-present-increase-of-civil\/?otxkey=Increase-1757&otxrp=pp.+6-10\">^<\/a>"],["1758","25000","\"By a list procured from the goals of this kingdom, in order to be presented to parliament, it appears, that the number of debtors exceeds 25,000\"","<a class=\"otx-link\" title=\"Gentle-1758 Historical Chronicle\" href=\"http:\/\/localhost\/wordpress\/refs\/gentle-1758-historical-chronicle\/?otxkey=Gentle-1758&otxrp=p.+609\">^<\/a>"],["1759","20000","\"more than 20,000 are, at this time, prisoners for debt\" (estimates inhabitants of England at 6 million, and calculates share; estimates 5,000 prisoners died every year)","<a class=\"otx-link\" title=\"Johnson-1759g On Imprisonment for Debt\" href=\"http:\/\/localhost\/wordpress\/refs\/johnson-1759g-on-imprisonment-for-debt\/?otxkey=Johnson-1759g&otxrp=p.+16\">^<\/a>"],["1759","20000","\"an inquiry is said to have been made, by which it appears that more than twenty thousand * are at this time prisoners debt. * This number was at that time confidently published; but the author has since found reason to question the calculation.","<a class=\"otx-link\" title=\"Johnson-1759i article in The Idler\" href=\"http:\/\/localhost\/wordpress\/refs\/johnson-1759i-article-in-the-idler\/?otxkey=Johnson-1759i&otxrp=pp.+212-7\">^<\/a>"],["1765","30000","\"That it appears uncontradicted in print, that not less than thirty thousand prisoners for debt, are confined in the several gaols of this kindom;\"","<a class=\"otx-link\" title=\"Case-1765 The Case of the many thousand distressed prisoners\" href=\"http:\/\/localhost\/wordpress\/refs\/case-1765-the-case-of-the-many-thousand-distressed-prisoners\/?otxkey=Case-1765\">^<\/a>"]],"options":{"last_editor":1,"table_head":true,"table_foot":false,"alternating_row_colors":false,"row_hover":false,"print_name":false,"print_name_position":"above","print_description":false,"print_description_position":"below","extra_css_classes":"","use_datatables":false,"datatables_sort":true,"datatables_filter":true,"datatables_paginate":true,"datatables_lengthchange":true,"datatables_paginate_entries":10,"datatables_info":true,"datatables_scrollx":false,"datatables_custom_commands":""},"visibility":{"rows":[1,1,1,1,1,1,1,1,1,1,1,1,1,1,1,1,1,1,1,1,1],"columns":[1,1,1,1]}}