{"id":"14","name":"Civil War Reduced Ratio of Men to Women in Prison","description":"(prisoners held in NY state prisons on Sept. 30 of given year)","author":"1","last_modified":"2014-11-12 02:49:13","data":[["year","total prisoners","sex ratio (men to women prisoners)"],["1847","1,424","15.0"],["1848","1,309","14.8"],["1849","1,466","23.0"],["1850","1,611","21.7"],["1851","1,714","21.9"],["1852","1,843","19.0"],["1853","1,952","18.3"],["1854","1,976","19.4"],["1855","1,888","20.2"],["1856","1,869","26.5"],["1857","1,962","26.3"],["1858","2,230","20.4"],["1859","2,486","17.3"],["1860","2,659","18.4"],["1861","2,674","18.5"],["1862","2,340","17.9"],["1863","2,114","17.7"],["1864","1,731","10.0"],["1865","1,796","10.3"],["1866","2,559","14.6"],["1867","2,843","18.5"],["1868","2,805","20.1"],["1869","2,852","20.9"],["1870","2,713","21.2"],["1871","2,830","24.7"],["Source: See NY Census data, 1850-80, in <a class=\"otx-link\" title=\"Prisoners in the U.S. in the 19th-century\" href=\"http:\/\/localhost\/wordpress\/datasets\/prisoners-us-19th-century\/?otxkey=datasets-prisoners-us-19th-century&otxrp=sheet%3A+NY%2C+1850-80\">US 19th-century prisoner statistics<\/a>","#colspan#","#colspan#"]],"options":{"last_editor":1,"table_head":true,"table_foot":true,"alternating_row_colors":true,"row_hover":false,"print_name":true,"print_name_position":"above","print_description":true,"print_description_position":"above","extra_css_classes":"","use_datatables":false,"datatables_sort":false,"datatables_filter":false,"datatables_paginate":false,"datatables_lengthchange":false,"datatables_paginate_entries":10,"datatables_info":false,"datatables_scrollx":false,"datatables_custom_commands":""},"visibility":{"rows":[1,1,1,1,1,1,1,1,1,1,1,1,1,1,1,1,1,1,1,1,1,1,1,1,1,1,1],"columns":[1,1,1]}}