{"id":"15","name":"Prisoners for Non-Payment of Fines, U.S. 1880-1933","description":"","author":"1","last_modified":"2014-11-12 02:49:13","data":[["Year","Males","Females","Total","Sex Ratio","all prisoners","non-payment share"],["1880","1,663","368","2,031","4.5","58,409","3%"],["1890","3,208","483","3,691","6.6","80,634","5%"],["1904","9,198","1,517","10,715","6.1","107,515","10%"],["1910","14,447","2,477","16,924","5.8","139,081","12%"],["1923","5,157","395","5,552","13.1","165,447","3%"],["1933","3,881","261","4,142","14.9","244,282","2%"],["Source: see \"non-payment of fines\" sheet in <a class=\"otx-link\" title=\"Prisoners in the U.S. from 1850\" href=\"http:\/\/localhost\/wordpress\/datasets\/prisoners-us-long-run-summary\/?otxkey=datasets-prisoners-us-long-run-summary\">US long-run prisoner statistics<\/a>","#colspan#","#colspan#","#colspan#","#colspan#","#colspan#","#colspan#"]],"options":{"last_editor":1,"table_head":true,"table_foot":true,"alternating_row_colors":true,"row_hover":false,"print_name":true,"print_name_position":"above","print_description":false,"print_description_position":"below","extra_css_classes":"","use_datatables":false,"datatables_sort":true,"datatables_filter":true,"datatables_paginate":true,"datatables_lengthchange":true,"datatables_paginate_entries":10,"datatables_info":true,"datatables_scrollx":false,"datatables_custom_commands":""},"visibility":{"rows":[1,1,1,1,1,1,1,1],"columns":[1,1,1,1,1,1,1]}}