{"id":"16","name":"Legal Status of U.S. Jail Inmates","description":"Trends in sex ratio and proportions for sentenced and unsentenced jail inmates.","author":"1","last_modified":"2014-11-12 02:49:13","data":[["year","unsentenced sex ratio","sentenced sex ratio","sentenced share"],["1880","11.7","4.5","72.1%"],["1890","13.4","5.3","70.3%"],["1904","14.5","7.5","68.0%"],["1910","15.0","6.1","67.0%"],["1922","14.2","11.9","65.1%"],["1933","14.2","14.4","59.2%"],["1970","14.2","19.8","43.1%"],["2009","7.4","6.9","37.8%"],["Note: 2009 figures are for unconvicted & convicted, rather than unsentenced &  sentenced. Source: see <a class=\"otx-link\" title=\"Prisoners in the U.S. from 1850\" href=\"http:\/\/localhost\/wordpress\/datasets\/prisoners-us-long-run-summary\/?otxkey=datasets-prisoners-us-long-run-summary&otxrp=sheet%3Alegal+status\">US long-run prisoner statistics<\/a>.","#colspan#","#colspan#","#colspan#"]],"options":{"last_editor":1,"table_head":true,"table_foot":true,"alternating_row_colors":true,"row_hover":false,"print_name":true,"print_name_position":"above","print_description":false,"print_description_position":"below","extra_css_classes":"","use_datatables":false,"datatables_sort":true,"datatables_filter":true,"datatables_paginate":true,"datatables_lengthchange":true,"datatables_paginate_entries":10,"datatables_info":true,"datatables_scrollx":false,"datatables_custom_commands":""},"visibility":{"rows":[1,1,1,1,1,1,1,1,1,1],"columns":[1,1,1,1]}}