{"id":"17","name":"Sex Bias in Criminal Justice System of Victoria, Australia, 1842-1967","description":"Persons charges with capital crimes, convicted of a crime, and executed.","author":"1","last_modified":"2014-11-12 02:49:13","data":[["","charged with capital crime","convicted of crime (% of charged)","executed for crime (% of charged)","persons executed"],["males","2256","24.6%","7.9%","178"],["females","335","13.5%","1.5%","5"],["Source: <a class=\"otx-link\" title=\"Douglas-1991 A matter of life and death: The victorian executive\" href=\"http:\/\/localhost\/wordpress\/refs\/douglas-1991-a-matter-of-life-and-death-the-victorian-executive\/?otxkey=Douglas-1991&otxrp=p.+156\">Douglas and Laster (1991) p. 156<\/a>, data available in <a class=\"otx-link\" title=\"Executions Yearly by Sex in Australia from 1819\" href=\"http:\/\/localhost\/wordpress\/datasets\/executions-australia\/?otxkey=datasets-executions-australia&otxrp=sheet%3A+misc+stats\">executions Australia dataset<\/a>.","#colspan#","#colspan#","#colspan#","#colspan#"]],"options":{"last_editor":1,"table_head":true,"table_foot":true,"alternating_row_colors":true,"row_hover":false,"print_name":true,"print_name_position":"above","print_description":false,"print_description_position":"below","extra_css_classes":"","use_datatables":false,"datatables_sort":true,"datatables_filter":true,"datatables_paginate":true,"datatables_lengthchange":true,"datatables_paginate_entries":10,"datatables_info":true,"datatables_scrollx":false,"datatables_custom_commands":""},"visibility":{"rows":[1,1,1,1],"columns":[1,1,1,1,1]}}