{"id":"18","name":"Sex Ratios Across Justice-System Groups, 1977-2006","description":"sex ratios of police, prosecutors, judges, prison staff, and prisoners in criminal justice systems worldwide","author":"1","last_modified":"2014-11-12 02:49:13","data":[["group","median sex ratios","#colspan#","number of reporting jurisdictions","#colspan#"],["","c. 1977","c. 2006","c. 1977","c. 2006"],["prosecutors","29.3","1.5","32","52"],["judges","11.5","1.5","36","53"],["prison staff","12.1","4.2","38","56"],["police","23.1","7.9","20","57"],["prisoners","28.8","19.0","46","66"],["Note: Sex ratios are men per woman. Data from United Nations surveys, <a class=\"otx-link\" title=\"International Criminal Justice Comparison about 1977\" href=\"http:\/\/localhost\/wordpress\/datasets\/criminal-justice-world-cts2-stats\/?otxkey=datasets-criminal-justice-world-cts2-stats\">CTS2<\/a> and <a class=\"otx-link\" title=\"International Criminal Justice Comparison about 2006\" href=\"http:\/\/localhost\/wordpress\/datasets\/criminal-justice-world-cts10\/?otxkey=datasets-criminal-justice-world-cts10\">CTS10<\/a>","#colspan#","#colspan#","#colspan#","#colspan#"]],"options":{"last_editor":1,"table_head":true,"table_foot":true,"alternating_row_colors":true,"row_hover":false,"print_name":true,"print_name_position":"above","print_description":false,"print_description_position":"below","extra_css_classes":"","use_datatables":false,"datatables_sort":true,"datatables_filter":true,"datatables_paginate":true,"datatables_lengthchange":true,"datatables_paginate_entries":10,"datatables_info":true,"datatables_scrollx":false,"datatables_custom_commands":""},"visibility":{"rows":[1,1,1,1,1,1,1,1],"columns":[1,1,1,1,1]}}