{"id":"2","name":"Importance of Economists' Skills","description":"(1=most important, 7=least important)","author":"1","last_modified":"2014-11-12 02:49:14","data":[["skill","in graduate <br \/>economics education","in current job"],["analytics","1.9","3.5"],["mathematics","3.1","6.2"],["critical judgment","3.4","3.2"],["applications","4.4","3.3"],["creativity","4.6","3.6"],["computation","5","5.5"],["communication","5.4","2.7"],["Source: Skill rankings among 1977-78 Economics Ph.D.'s surveyed in 1989 (<a class=\"otx-link\" title=\"Hansen-1991 The Education and Training of Economics Doctorates:\" href=\"http:\/\/localhost\/wordpress\/refs\/hansen-1991-the-education-and-training-of-economics-doctorates\/?otxkey=Hansen-1991\">Hansen (1991)<\/a>.","#colspan#","#colspan#"]],"options":{"last_editor":1,"table_head":true,"table_foot":true,"alternating_row_colors":false,"row_hover":true,"print_name":true,"print_name_position":"above","print_description":true,"print_description_position":"above","extra_css_classes":"","use_datatables":false,"datatables_sort":false,"datatables_filter":false,"datatables_paginate":false,"datatables_lengthchange":false,"datatables_paginate_entries":10,"datatables_info":false,"datatables_scrollx":false,"datatables_custom_commands":""},"visibility":{"rows":[1,1,1,1,1,1,1,1,1],"columns":[1,1,1]}}