{"id":"20","name":"Comparing Leading Causes of Injury to Women by Age, U.S. 2010","description":"injury-related visits to hospital emergency departments","author":"1","last_modified":"2014-11-12 02:42:37","data":[["women ages 15 to 44","#colspan#","women ages 45 and over","#colspan#"],["cause of injury","injury-related visits","cause of injury","injury-related visits"],["1. Unintentional Fall","1,319,795","1. Unintentional Fall","2,700,278"],["2. Unintentional MV-Occupant","992,410","2. Unintentional Overexertion","506,394"],["3. Unintentional Overexertion","890,429","3. Unintentional MV-Occupant","459,023"],["4. Unintentional Struck By\/Against","779,931","4. Unintentional Struck By\/Against","444,805"],["5. Assault other than sexual assault, Struck By\/Against","421,483","5. Unintentional Cut\/Pierce","235,029"],["6. Unintentional Cut\/Pierce","402,139","6. Unintentional Other Bite\/Sting","169,525"],["7. Unintentional Other Bite\/Sting","266,850","7. Unintentional Poisoning","144,044"],["8. Unintentional Other Specified","266,338","8. Unintentional Other Specified","141,868"],["9. Unintentional Poisoning","155,835","9. Unintentional Other Transport","101,216"],["10. Unintentional Other Transport","135,282","10. Assault other than sexual assault, Struck By\/Against","92,744"],["Source: Compiled from NEISS AIP, U.S. National Center for Injury Prevention and Control, NEISS-AIP on injuries prompting visit an emergency room.  Data available online through <a href=\"http:\/\/webappa.cdc.gov\/sasweb\/ncipc\/nfilead2001.html\">WISQARS Nonfatal Injury Reports<\/a>.","#colspan#","#colspan#","#colspan#"]],"options":{"last_editor":1,"table_head":true,"table_foot":true,"alternating_row_colors":true,"row_hover":false,"print_name":true,"print_name_position":"above","print_description":false,"print_description_position":"below","extra_css_classes":"","use_datatables":false,"datatables_sort":true,"datatables_filter":true,"datatables_paginate":true,"datatables_lengthchange":true,"datatables_paginate_entries":10,"datatables_info":true,"datatables_scrollx":false,"datatables_custom_commands":""},"visibility":{"rows":[1,1,1,1,1,1,1,1,1,1,1,1,1],"columns":[1,1,1,1]}}