{"id":"21","name":"\"Domestic violence is the leading cause of injury to women\"","description":"Instances, with variants, in Congressional documents, law reviews, and newspapers","author":"1","last_modified":"2014-11-12 02:49:13","data":[["year","total","leading cause","largest cause","greatest cause"],["1985","0","0","0","0"],["1986","0","0","0","0"],["1987","3","1","2","0"],["1988","5","0","2","3"],["1989","17","3","11","3"],["1990","34","12","19","3"],["1991","70","25","44","1"],["1992","87","64","18","5"],["1993","115","75","25","15"],["1994","188","153","26","9"],["1995","101","72","14","15"],["1996","89","69","19","1"],["1997","87","70","10","7"],["1998","58","42","13","3"],["1999","61","46","10","5"],["2000","59","49","5","5"],["2001","61","48","7","6"],["2002","28","25","3","0"],["2003","43","26","15","2"],["2004","39","26","8","5"],["2005","37","30","7","0"],["2006","37","30","5","2"],["2007","40","36","3","1"],["2008","23","15","8","0"],["2009","27","23","2","2"],["2010","23","21","0","2"],["2011","20","19","0","1"],["Note: The above figures are from well-defined corpuses of relevant documents. They provide a lower bound on the number of such claims actually published. The newspaper claim count does not include all US newspapers and is probably biased toward greater coverage after the mid-2000s. The above counts exclude court cases, where citing opportunities are case-dependent, and web documents, which aren't easily categorized by year of posting. The underlying data, including the specific text and context of the claims, are available in the <a class=\"otx-link\" title=\"Claims Dataset: Domestic Violence Is the Leading Cause of Injury to Women\" href=\"http:\/\/localhost\/wordpress\/datasets\/dvcd-dv-claims-dataset\/?otxkey=datasets-dvcd-dv-claims-dataset\">Domestic Violence Claims Dataset<\/a>. ","#colspan#","#colspan#","#colspan#","#colspan#"]],"options":{"last_editor":1,"table_head":true,"table_foot":true,"alternating_row_colors":false,"row_hover":false,"print_name":true,"print_name_position":"above","print_description":true,"print_description_position":"above","extra_css_classes":"","use_datatables":false,"datatables_sort":true,"datatables_filter":true,"datatables_paginate":true,"datatables_lengthchange":true,"datatables_paginate_entries":10,"datatables_info":true,"datatables_scrollx":false,"datatables_custom_commands":""},"visibility":{"rows":[1,1,1,1,1,1,1,1,1,1,1,1,1,1,1,1,1,1,1,1,1,1,1,1,1,1,1,1,1],"columns":[1,1,1,1,1]}}