{"id":"22","name":"Age Specifications in Claims of Domestic Violence as Cause of Injuries to Women","description":"","author":"1","last_modified":"2014-11-12 02:49:13","data":[["\"leading cause\" claim","#colspan#","\"largest cause\" claim","#colspan#"],["age specification","instances","age specification","instances"],["15-44","232","15-44","26"],["15-54","6","18-35","1"],["18-35","1","women (no age specified)","183"],["18-49","2","",""],["18-55","1","",""],["19-44","2","",""],["women (no age specified)","243","",""],["Source: Congressional documents, court cases, law journals, newspapers, and web documents, 1996-2005 from the <a class=\"otx-link\" title=\"Claims Dataset: Domestic Violence Is the Leading Cause of Injury to Women\" href=\"http:\/\/localhost\/wordpress\/datasets\/dvcd-dv-claims-dataset\/?otxkey=datasets-dvcd-dv-claims-dataset\">Domestic Violence Claims Dataset<\/a>.","#colspan#","#colspan#","#colspan#"]],"options":{"last_editor":1,"table_head":true,"table_foot":true,"alternating_row_colors":true,"row_hover":false,"print_name":true,"print_name_position":"above","print_description":false,"print_description_position":"below","extra_css_classes":"","use_datatables":false,"datatables_sort":true,"datatables_filter":true,"datatables_paginate":true,"datatables_lengthchange":true,"datatables_paginate_entries":10,"datatables_info":true,"datatables_scrollx":false,"datatables_custom_commands":""},"visibility":{"rows":[1,1,1,1,1,1,1,1,1,1],"columns":[1,1,1,1]}}