{"id":"23","name":"\"Domestic violence is leading cause of injury to women\":<\/br>S Instances in Different Communicative Fields, 1985-2010","description":"","author":"1","last_modified":"2014-11-12 02:49:13","data":[["years","communicative fields","#colspan#","#colspan#","#colspan#"],["","news","law journals","Congress","courts"],["2006-2010","109","40","1","2"],["2001-2005","110","75","24","2"],["1996-2000","188","129","46","17"],["1991-1995","380","96","87","2"],["1986-1990","44","1","13","0"],["peak-years comparison","#colspan#","#colspan#","#colspan#","#colspan#"],["1993-7","410","142","98","10"],["2006-10 as share of 1993-7","27%","28%","1%","20%"],["Source: <a class=\"otx-link\" title=\"Claims Dataset: Domestic Violence Is the Leading Cause of Injury to Women\" href=\"http:\/\/localhost\/wordpress\/datasets\/dvcd-dv-claims-dataset\/?otxkey=datasets-dvcd-dv-claims-dataset\">Domestic Violence Claims Dataset<\/a>.","#colspan#","#colspan#","#colspan#","#colspan#"]],"options":{"last_editor":1,"table_head":true,"table_foot":true,"alternating_row_colors":false,"row_hover":false,"print_name":true,"print_name_position":"above","print_description":false,"print_description_position":"below","extra_css_classes":"","use_datatables":false,"datatables_sort":true,"datatables_filter":true,"datatables_paginate":true,"datatables_lengthchange":true,"datatables_paginate_entries":10,"datatables_info":true,"datatables_scrollx":false,"datatables_custom_commands":""},"visibility":{"rows":[1,1,1,1,1,1,1,1,1,1,1],"columns":[1,1,1,1,1]}}