{"id":"24","name":"\"Domestic violence is leading cause of injury to women\":<\/br>S Instances Associated with Frightening Comparators & Debunking, 1996-2005","description":"","author":"1","last_modified":"2014-11-12 02:49:13","data":[["field","total instances","instances with frightening comparators","share with frightening comparators","instances with debunking claims ","share with debunking claims"],["Congress","70","5","7%","0","0%"],["courts","19","6","32%","0","0%"],["law journals","204","73","36%","3","1%"],["news","128","31","24%","14","11%"],["web","201","86","43%","22","11%"],["Source: <a class=\"otx-link\" title=\"Claims Dataset: Domestic Violence Is the Leading Cause of Injury to Women\" href=\"http:\/\/localhost\/wordpress\/datasets\/dvcd-dv-claims-dataset\/?otxkey=datasets-dvcd-dv-claims-dataset\">Domestic Violence Claims Dataset<\/a>.","#colspan#","#colspan#","#colspan#","#colspan#","#colspan#"]],"options":{"last_editor":1,"table_head":true,"table_foot":true,"alternating_row_colors":false,"row_hover":false,"print_name":true,"print_name_position":"above","print_description":false,"print_description_position":"below","extra_css_classes":"","use_datatables":false,"datatables_sort":true,"datatables_filter":true,"datatables_paginate":true,"datatables_lengthchange":true,"datatables_paginate_entries":10,"datatables_info":true,"datatables_scrollx":false,"datatables_custom_commands":""},"visibility":{"rows":[1,1,1,1,1,1,1],"columns":[1,1,1,1,1,1]}}