{"id":"25","name":"Injury-Related Visits to U.S. Hospital Emergency Departments<br\/> by Cause of Injury, 1992, Ages 15 to 44","description":"(counts of emergency-department visits in 1000s of visits)","author":"1","last_modified":"2014-11-12 02:49:13","data":[["cause rank","cause of injury","women's injury-related visits","men's injury-related visits","difference women \/ men"],["1","Accident - motor vehicle","1,303","1,489","-12%"],["2","Accident - falls","1,255","1,433","-12%"],["3","Accident - struck (ex. vehicle\/machinery)","682","1,298","-47%"],["4","Accident - cut or pierced","563","1,263","-55%"],["5","Violence","498","762","-35%"],["6","Overexertion","467","647","-28%"],["7","Accident - other","419","731","-43%"],["8","Accident - natural and environmental factors","315","319","-1%"],["9","Drugs (medical) and medical procedures","243","149","63%"],["10","Accident - fire, flames, submersion, suffocation","173","192","-10%"],["11","Accidental poisoning","135","163","-17%"],["12","Accident - machinery","94","232","-59%"],["13","Self-inflicted","74","68","9%"],["14","Law enforcement and war","11","42","-74%"],["","Cause Not Specified (inc. just place of occurrence)","1,150","2,040","-44%"],["","Total","7,383","10,831","-32%"],["Source:  <a class=\"otx-link\" title=\"NHAMCS Statistics on Causes of Injury by Sex, 1992-95 and 2001\" href=\"http:\/\/localhost\/wordpress\/statistics\/nhamcs-injury-statistics\/?otxkey=statistics-6827\">Tabulated from NHAMCS 2001<\/a>.  Injury-related visits accounted for 38% of all visits to hospital emergency departments. Illness-related visits (heart attack, etc.) accounted for 62%.","#colspan#","#colspan#","#colspan#","#colspan#"]],"options":{"last_editor":1,"table_head":true,"table_foot":true,"alternating_row_colors":true,"row_hover":false,"print_name":true,"print_name_position":"above","print_description":true,"print_description_position":"above","extra_css_classes":"","use_datatables":false,"datatables_sort":true,"datatables_filter":true,"datatables_paginate":true,"datatables_lengthchange":true,"datatables_paginate_entries":10,"datatables_info":true,"datatables_scrollx":false,"datatables_custom_commands":""},"visibility":{"rows":[1,1,1,1,1,1,1,1,1,1,1,1,1,1,1,1,1,1],"columns":[1,1,1,1,1]}}