{"id":"26","name":"Injury-Related Visits to Hospital Emergency Departments<br\/> by Cause of Injury, 1992","description":"for U.S. persons ages 18 and older","author":"1","last_modified":"2014-11-12 02:49:13","data":[["cause rank","cause of injury","women's injury-related visits","men's injury-related visits","difference women \/ men"],["1","Accident - falls","2,785,201","2,132,452","31%"],["2","Accident - motor vehicle","1,598,042","1,659,075","-4%"],["3","Accident - struck (ex. motor vehicle)","891,473","1,303,351","-32%"],["4","Accident - cut or pierced","782,386","1,479,544","-47%"],["5","Overexertion","565,780","754,580","-25%"],["6","Violence","489,944","780,524","-37%"],["7","Accident - other","468,280","822,696","-43%"],["8","Accident - natural and environmental","419,851","408,065","3%"],["9","Drugs (medical) and medical procedures","387,324","255,834","51%"],["10","Accident - fire, flames, submers","204,465","231,971","-12%"],["11","Accidental poisoning","178,512","190,848","-6%"],["12","Accident - machinery","131,490","315,996","-58%"],["13","Self-inflicted","63,779","54,621","17%"],["14","Law enforcement and war","11,087","41,664","-73%"],["","Cause not specified (inc. just place of occurrence)","1,543,204","2,316,915","-33%"],["","Total","10,520,818","12,748,136","-17%"],["Source:  <a class=\"otx-link\" title=\"NHAMCS Statistics on Causes of Injury by Sex, 1992-95 and 2001\" href=\"http:\/\/localhost\/wordpress\/statistics\/nhamcs-injury-statistics\/?otxkey=statistics-6827\">Tabulated from NHAMCS 1992<\/a>.  Injury-related visits accounted for 30% and 44% of all visits to hospital emergency departments for women and men, respectively.  Illnesses accounted for the remaining shares.","#colspan#","#colspan#","#colspan#","#colspan#"]],"options":{"last_editor":1,"table_head":true,"table_foot":true,"alternating_row_colors":true,"row_hover":false,"print_name":true,"print_name_position":"above","print_description":true,"print_description_position":"above","extra_css_classes":"","use_datatables":false,"datatables_sort":true,"datatables_filter":true,"datatables_paginate":true,"datatables_lengthchange":true,"datatables_paginate_entries":10,"datatables_info":true,"datatables_scrollx":false,"datatables_custom_commands":""},"visibility":{"rows":[1,1,1,1,1,1,1,1,1,1,1,1,1,1,1,1,1,1],"columns":[1,1,1,1,1]}}