{"id":"27","name":"Injury-Related Visits to Hospital Emergency Departments<br\/> by Cause of Injury, 2010","description":"for U.S. persons ages 18 and older","author":"1","last_modified":"2014-11-12 02:49:12","data":[["cause rank","Cause of Injury","women's injury-related visits","men's injury-related visits","difference women \/ men "],["1","Unintentional Fall","3,001,936","2,061,441","46%"],["2","Unintentional MV-Occupant","1,371,493","1,176,192","17%"],["3","Unintentional Overexertion","1,264,774","1,505,984","-16%"],["4","Unintentional Struck By\/Against","1,021,586","1,675,490","-39%"],["5","Unintentional Cut\/Pierce","672,238","1,232,192","-45%"],["6","Other Assault -- Struck By\/Against","418,860","625,909","-33%"],["7","Unintentional Other Bite\/Sting","285,900","243,340","17%"],["8","Unintentional Unknown\/Unspecified","193,374","314,201","-38%"],["9","Unintentional Other Transport","180,517","223,465","-19%"],["10","Unintentional Fire\/Burn","160,314","183,544","-13%"],["11","Unintentional Foreign Body","150,300","308,958","-51%"],["12","Unintentional Poisoning","148,087","231,037","-36%"],["13","Unintentional Other Specified","140,195","232,514","-40%"],["14","Self-harm Poisoning","104,513","76,245","37%"],["15","Unintentional Dog Bite","92,626","102,018","-9%"],["16","Unintentional Pedestrian","49,650","61,730","-20%"],["17","Unintentional Pedal Cyclist","47,119","144,633","-67%"],["18","Unintentional Machinery","42,469","245,657","-83%"],["19","Other Assault -- Cut\/Pierce","28,403","88,477",""],["20","Sexual Assault All Injury Causes","27,575","",""],["20","Unintentional Motorcyclist","","142,308",""],["","total injury-related visits","9,553,321","11,123,451","-14%"],["","total violence (ex. self-harm and legal intervention)","538,727","807,375","-33%"],["Source: <a class=\"otx-link\" title=\"NEISS &amp; NHAMCS Provide Causes of Injury by Sex in U.S.\" href=\"http:\/\/localhost\/wordpress\/statistics\/causes-injury-by-sex-us-2001-2010\/?otxkey=statistics-6860\">NEISS AIP, via WISQARS<\/a>.  Listing of top-20 cause of injury for women and men, respectively.  Blank data cells indicate a cause of injury in women's top-20, but not men's, or vice versa.","#colspan#","#colspan#","#colspan#","#colspan#"]],"options":{"last_editor":1,"table_head":true,"table_foot":true,"alternating_row_colors":true,"row_hover":false,"print_name":true,"print_name_position":"above","print_description":true,"print_description_position":"above","extra_css_classes":"","use_datatables":false,"datatables_sort":true,"datatables_filter":true,"datatables_paginate":true,"datatables_lengthchange":true,"datatables_paginate_entries":10,"datatables_info":true,"datatables_scrollx":false,"datatables_custom_commands":""},"visibility":{"rows":[1,1,1,1,1,1,1,1,1,1,1,1,1,1,1,1,1,1,1,1,1,1,1,1,1],"columns":[1,1,1,1,1]}}