{"id":"28","name":"Book Catalogs Included in Prison Library Book Dataset","description":"","author":"1","last_modified":"2014-11-12 02:42:38","data":[["year","prison library book list for prison at","books"],["1809","Philadelphia, Pennsylvania (Walnut St. Prison)","76"],["1846","Ossining, New York (Sing Sing State Prison for Women)","39"],["1848","Auburn, New York (State Prison)","163"],["1848","Dannemora, New York (Clinton State Prison)","89"],["1848","Ossining, New York (Sing Sing State Prison)","760"],["1849","Auburn, New York (State Prison)","116"],["1850","Auburn, New York (State Prison)","101"],["1850","Dannemora, New York (Clinton Prison)","96"],["1850","Ossining, New York (Sing Sing Prison)","129"],["1853","Dannemora, New York (Clinton Prison)","94"],["1853","Philadelphia, Pennsylvania  (County Prison)","371"],["1854","Philadelphia, Pennsylvania (County Prison)","315"],["1870","San Quentin, California (State Prison)","1296"],["1874","Leavenworth, Kansas (State Prison)","1501"],["1877","Prison Association of New York, Library Book Recommendations","1167"]],"options":{"last_editor":1,"table_head":true,"table_foot":false,"alternating_row_colors":true,"row_hover":true,"print_name":true,"print_name_position":"above","print_description":false,"print_description_position":"below","extra_css_classes":"","use_datatables":false,"datatables_sort":true,"datatables_filter":true,"datatables_paginate":true,"datatables_lengthchange":true,"datatables_paginate_entries":10,"datatables_info":true,"datatables_scrollx":false,"datatables_custom_commands":""},"visibility":{"rows":[1,1,1,1,1,1,1,1,1,1,1,1,1,1,1,1],"columns":[1,1,1]}}