{"id":"29","name":"Comparative Emotional Dispositions:<\/br> <em>Man of Feeling<\/em> vs. <em>Frankenstein<\/em>","description":"","author":"1","last_modified":"2014-11-12 02:49:12","data":[["feeling words","<em>Man of Feeling<\/em>","<em>Frankenstein<\/em>","<em>Frankstein<\/em> \/ <em>Man of Feeling<\/em>\n"],["tear, weep","1.33","0.88","-34%"],["tremble, shudder, frown","0.05","0.51","846%"],["smile, kiss, laugh, laughter, delight","1.20","1.27","6%"],["joy, happy","0.54","1.38","153%"],["anguish, horror, terror","0.25","1.13","360%"],["Notes: The <em>Frankenstein<\/em> text is the 1818 edition.  Absolute figures are counts of related word forms to 1000 words in the text.  The text ratio is percent difference is word rates. Underlying counts are available in the <a class=\"otx-link\" title=\"Feelings Count in Man of Feeling and Frankenstein\" href=\"http:\/\/localhost\/wordpress\/datasets\/frankenstein-feelings-comparison\/?otxkey=datasets-frankenstein-feelings-comparison\">dataset<\/a>.","#colspan#","#colspan#","#colspan#"]],"options":{"last_editor":1,"table_head":true,"table_foot":true,"alternating_row_colors":true,"row_hover":true,"print_name":true,"print_name_position":"above","print_description":false,"print_description_position":"below","extra_css_classes":"","use_datatables":false,"datatables_sort":true,"datatables_filter":true,"datatables_paginate":true,"datatables_lengthchange":true,"datatables_paginate_entries":10,"datatables_info":true,"datatables_scrollx":false,"datatables_custom_commands":""},"visibility":{"rows":[1,1,1,1,1,1,1],"columns":[1,1,1,1]}}