{"id":"3","name":"U.S. Prisons' Communication Policies About 1870","description":"(% of reporting prisons with given frequency limit)","author":"1","last_modified":"2014-11-12 02:49:14","data":[["frequency limit","Writing Letters","Receiving Visits"],["no restriction","11%","33%"],["restricted, but more than one per month","20%","9%"],["monthly","46%","31%"],["less than monthly, more than bimonthly","7%","4%"],["one every three months","17%","22%"],["less than one every three months","0%","0%"],["reporting prisons","46","45"],["Source: see <a class=\"otx-link\" title=\"Prisoner Communication Policies in Mid-19th-Century U.S.\" href=\"http:\/\/localhost\/wordpress\/datasets\/prisoner-communication-mid-19th-century\/?otxkey=datasets-prisoner-communication-mid-19th-century\">19th-century prisoner communication in US<\/a>.","#colspan#","#colspan#"]],"options":{"last_editor":1,"table_head":true,"table_foot":true,"alternating_row_colors":false,"row_hover":false,"print_name":true,"print_name_position":"above","print_description":true,"print_description_position":"above","extra_css_classes":"","use_datatables":false,"datatables_sort":false,"datatables_filter":false,"datatables_paginate":false,"datatables_lengthchange":false,"datatables_paginate_entries":10,"datatables_info":false,"datatables_scrollx":false,"datatables_custom_commands":""},"visibility":{"rows":[1,1,1,1,1,1,1,1,1],"columns":[1,1,1]}}