{"id":"30","name":"Variance in Official U.S. Rape Figures, Benchmarked to 1992","description":"","author":"1","last_modified":"2014-11-12 02:49:12","data":[["figure source","figure for \nrape\/sexual assault"],["felony convictions of rape in state courts","21,655"],["forcible rape offenses known to police","109,062"],["National Crime Victimization Survey (1)","140,930"],["National Crime Victimization Survey (2)","607,000"],["National Crime Victimization Survey (3)","1,034,743"],["National Intimate Partner and Sexual Violence Survey","4,455,111"],["Source: See <a class=\"otx-link\" title=\"Criminalization &amp; Incarceration by Rape Victimization Claims\" href=\"http:\/\/localhost\/wordpress\/datasets\/punishment-sex-reform\/?otxkey=datasets-punishment-sex-reform&otxrp=sheet%3A+rape+variance\">rape variance sheet in punishment dataset<\/a>.","#rowspan#"]],"options":{"last_editor":1,"table_head":true,"table_foot":true,"alternating_row_colors":false,"row_hover":false,"print_name":true,"print_name_position":"above","print_description":false,"print_description_position":"below","extra_css_classes":"","use_datatables":false,"datatables_sort":true,"datatables_filter":true,"datatables_paginate":true,"datatables_lengthchange":true,"datatables_paginate_entries":10,"datatables_info":true,"datatables_scrollx":false,"datatables_custom_commands":""},"visibility":{"rows":[1,1,1,1,1,1,1,1],"columns":[1,1]}}