{"id":"32","name":"Sex Ratio in Punishment: <\/br>War and Peace in 20th-century England & Wales","description":"","author":"1","last_modified":"2014-11-12 02:49:12","data":[["military situation","year begin","year end","men in prison","women in prison","sex ratio in prison"],["pre World War I","1909","1913","17,512","2,567","6.8"],["World War I","1915","1918","8,235","1,822","4.5"],["post World War I","1919","1923","9,863","1,292","7.6"],["pre World War II","1932","1938","10,925","732","14.9"],["World War II","1939","1945","10,720","1,158","9.3"],["post WWII","1946","1952","18,653","1,124","16.6"],["Source: <a class=\"otx-link\" title=\"Punishment Prevalence Yearly by Sex in England and Wales from 1715\" href=\"http:\/\/localhost\/wordpress\/datasets\/punishment-england-wales-long-run\/?otxkey=datasets-punishment-england-wales-long-run\">punishment prevalence yearly by sex in England & Wales from 1715<\/a>.","#colspan#","#colspan#","#colspan#","#colspan#","#colspan#"]],"options":{"last_editor":1,"table_head":true,"table_foot":true,"alternating_row_colors":true,"row_hover":false,"print_name":true,"print_name_position":"above","print_description":false,"print_description_position":"below","extra_css_classes":"","use_datatables":false,"datatables_sort":true,"datatables_filter":true,"datatables_paginate":true,"datatables_lengthchange":true,"datatables_paginate_entries":10,"datatables_info":true,"datatables_scrollx":false,"datatables_custom_commands":""},"visibility":{"rows":[1,1,1,1,1,1,1,1],"columns":[1,1,1,1,1,1]}}