{"id":"33","name":"Sex Ratio in Punishment: <\/br>War and Peace in 20th-Century U.S.","description":"","author":"1","last_modified":"2014-11-12 02:49:12","data":[["military situation","year begin","year end","executed men","executed women","executed men per woman","men in prison","women in prison","sex ratio in prison"],["pre World War II","1932","1938","1,196","8","149.5","243,333","11,732","20.7"],["World War II","1939","1945","927","8","115.9","265,695","13,959","19.0"],["post WWII","1946","1952","783","5","156.6","257,320","13,311","19.3"],["Source: <a class=\"otx-link\" title=\"Punishment Prevalence Yearly by Sex in the U.S. from 1850\" href=\"http:\/\/localhost\/wordpress\/datasets\/punishment-us\/?otxkey=datasets-punishment-us\">Punishment prevalence yearly by sex in the U.S. from 1880<\/a>.","#colspan#","#colspan#","#colspan#","#colspan#","#colspan#","#colspan#","#colspan#","#colspan#"]],"options":{"last_editor":1,"table_head":true,"table_foot":true,"alternating_row_colors":true,"row_hover":false,"print_name":true,"print_name_position":"above","print_description":false,"print_description_position":"below","extra_css_classes":"","use_datatables":false,"datatables_sort":true,"datatables_filter":true,"datatables_paginate":true,"datatables_lengthchange":true,"datatables_paginate_entries":10,"datatables_info":true,"datatables_scrollx":false,"datatables_custom_commands":""},"visibility":{"rows":[1,1,1,1,1],"columns":[1,1,1,1,1,1,1,1,1]}}