{"id":"34","name":"Canonical Datalink Order and Label Expansion","description":"","author":"1","last_modified":"2014-11-12 02:42:38","data":[["label (code)","canonical order","label (expanded)"],["google webpage","1","Google Sheet published to web (fast, resilient)"],["excel","2","Microsoft Excel workbook (primary version)"],["openoffice","3","Apache OpenOffice Calc spreadsheet"],["csv","4","Comma-separated-value text file"],["google sheet","5","Google Sheet (downloadable)"],["excel (local)","6","Microsoft Excel workbook (secondary, use only if above fail)"]],"options":{"last_editor":1,"table_head":true,"table_foot":false,"alternating_row_colors":false,"row_hover":false,"print_name":false,"print_name_position":"above","print_description":false,"print_description_position":"below","extra_css_classes":"","use_datatables":false,"datatables_sort":true,"datatables_filter":true,"datatables_paginate":true,"datatables_lengthchange":true,"datatables_paginate_entries":10,"datatables_info":true,"datatables_scrollx":false,"datatables_custom_commands":""},"visibility":{"rows":[1,1,1,1,1,1,1],"columns":[1,1,1]}}