{"id":"4","name":"Regulation of Writing Letters from U.S. State Prisons About 1912","description":"","author":"1","last_modified":"2014-11-12 02:49:14","data":[["maximum permitted frequency of writing letters","% of states"],["unlimited letter writing","17%"],["3-5 letters per month","42%"],["1-2 letters per month","40%"],["1 letter per 2 months","2%"],["less than 1 letter per 2 months","0%"],["Note: 48 states reporting.  Source: see <a class=\"otx-link\" title=\"Prisoner Communication Policies Early in the 20th Century\" href=\"http:\/\/localhost\/wordpress\/datasets\/prisoner-communication-early-20th-century\/?otxkey=datasets-prisoner-communication-early-20th-century\">prisoner communication early in 20th century<\/a>.","#colspan#"]],"options":{"last_editor":1,"table_head":true,"table_foot":true,"alternating_row_colors":true,"row_hover":false,"print_name":true,"print_name_position":"above","print_description":false,"print_description_position":"below","extra_css_classes":"","use_datatables":false,"datatables_sort":true,"datatables_filter":true,"datatables_paginate":true,"datatables_lengthchange":true,"datatables_paginate_entries":10,"datatables_info":true,"datatables_scrollx":false,"datatables_custom_commands":""},"visibility":{"rows":[1,1,1,1,1,1,1],"columns":[1,1]}}