{"id":"7","name":"Communication Policies in U.S. State Prisons, 1956-2005","description":"","author":"1","last_modified":"2014-11-12 02:49:14","data":[["in given year, prisoners allowed to:","1956","1971","1981","1991","2005"],["receive at least five visits per month","6%","56%","75%","76%","62%"],["send at least eight letters per week","","63%","97%","99%","99%"],["receive at least eight letters per week","","97%","100%","99%","99%"],["receive telephone calls","","38%","44%","33%","12%"],["make telephone calls","","14%","94%","90%","82%"],["make more than three phone calls each month","","7%","66%","86%","82%"],["number of prisons surveyed","112","64","66","91","162"],["Sources: see <a class=\"otx-link\" title=\"Prison Communication Policies Late in the 20th Century\" href=\"http:\/\/localhost\/wordpress\/datasets\/prisoner-communication-late-20th-century\/?otxkey=datasets-prisoner-communication-late-20th-century\">US prisoner communication policies since 1956<\/a>.","#colspan#","#colspan#","#colspan#","#colspan#","#colspan#"]],"options":{"last_editor":1,"table_head":true,"table_foot":true,"alternating_row_colors":true,"row_hover":false,"print_name":true,"print_name_position":"above","print_description":false,"print_description_position":"below","extra_css_classes":"","use_datatables":false,"datatables_sort":true,"datatables_filter":true,"datatables_paginate":true,"datatables_lengthchange":true,"datatables_paginate_entries":10,"datatables_info":true,"datatables_scrollx":false,"datatables_custom_commands":""},"visibility":{"rows":[1,1,1,1,1,1,1,1,1],"columns":[1,1,1,1,1,1]}}