{"id":"8","name":"Prisoners per Sleeping Space in U.S. Federal and State Prisons, 1997","description":"(prisoner-weighted statistics)","author":"1","last_modified":"2014-11-12 02:49:14","data":[["architecture type","architecture share","prisoners per sleeping space","#colspan#","#colspan#","#colspan#","#colspan#"],["","","1","2","3","4","5 or more"],["all prison architectures","100.0%","17.2%","43.7%","3.0%","2.3%","33.8%"],["open dorm","26.9%","0.6%","1.0%","0.5%","0.4%","97.5%"],["dorm with cubicles","14.8%","27.3%","32.0%","4.0%","7.1%","29.5%"],["unit with cells","38.3%","26.8%","68.8%","2.8%","0.6%","1.0%"],["unit with rooms","18.3%","12.6%","65.5%","6.3%","5.0%","10.6%"],["other architectures","1.7%","25.0%","17.4%","1.5%","1.2%","55.6%"],["Source: see <a class=\"otx-link\" title=\"Prisoners Per Sleeping Space in U.S. Prisons and Jails, 1997\" href=\"http:\/\/localhost\/wordpress\/datasets\/prisoners-interaction\/?otxkey=datasets-prisoners-interaction\">prisoners per sleeping space in US prisons in 1997<\/a>.","#colspan#","#colspan#","#colspan#","#colspan#","",""]],"options":{"last_editor":1,"table_head":true,"table_foot":true,"alternating_row_colors":false,"row_hover":false,"print_name":true,"print_name_position":"above","print_description":false,"print_description_position":"below","extra_css_classes":"","use_datatables":false,"datatables_sort":true,"datatables_filter":true,"datatables_paginate":true,"datatables_lengthchange":true,"datatables_paginate_entries":10,"datatables_info":true,"datatables_scrollx":false,"datatables_custom_commands":""},"visibility":{"rows":[1,1,1,1,1,1,1,1,1],"columns":[1,1,1,1,1,1,1]}}