{"id":"9","name":"Sex Ratio of Persons Absent in Life-Disposing Punishment<br\/> (Europe, 16th to 19th Centuries)","description":"","author":"1","last_modified":"2014-11-12 02:49:14","data":[["Subject Position","Men Per Woman","Time","Place"],["dead (hung)","6.7","1558-1608","Danzig, Germany"],["dead (hung)","1.6","1657-1707","Danzig, Germany"],["dead (hung)","about 8","1533-1632","Nuremberg, Germany"],["dead (hung)","about 1.8","1633-1722","Nuremberg, Germany"],["dead (hung)","8.0","1705-1730","London and Middlesex, England"],["banished (to America)","1.7","1719-1775","United Kingdom"],["banished (to Australia)","3.2","1795-1815","United Kingdom"],["in prison","4","1860-1865","England and Wales"],["in prison","3.1","1825","The Netherlands"],["in prison","4.1","1833","Belgium"],["in prison","3.9","1861-1862","France (long-term confinement)"],[" <a class=\"otx-link\" title=\"Sex Ratios in Punishment in Europe, 16th-19th Centuries\" href=\"http:\/\/localhost\/wordpress\/statistics\/sex-ratios-punishment-europe-history\/?otxkey=statistics-5367\">Sources for figures provided here<\/a>.","#colspan#","#colspan#","#colspan#"]],"options":{"last_editor":1,"table_head":true,"table_foot":true,"alternating_row_colors":true,"row_hover":false,"print_name":true,"print_name_position":"above","print_description":false,"print_description_position":"below","extra_css_classes":"","use_datatables":false,"datatables_sort":true,"datatables_filter":true,"datatables_paginate":true,"datatables_lengthchange":true,"datatables_paginate_entries":10,"datatables_info":true,"datatables_scrollx":false,"datatables_custom_commands":""},"visibility":{"rows":[1,1,1,1,1,1,1,1,1,1,1,1,1],"columns":[1,1,1,1]}}